Date,BNB.USD.Adjusted
2020-01-01,13.689083099365234
2020-01-02,13.027010917663574
2020-01-03,13.660451889038086
2020-01-04,13.891511917114258
2020-01-05,14.111019134521484
2020-01-06,14.957807540893555
2020-01-07,15.009249687194824
2020-01-08,14.602933883666992
2020-01-09,14.498313903808594
2020-01-10,15.025826454162598
2020-01-11,14.946328163146973
2020-01-12,15.322083473205566
2020-01-13,15.227272033691406
2020-01-14,16.626121520996094
2020-01-15,17.65481185913086
2020-01-16,17.076946258544922
2020-01-17,18.13519859313965
2020-01-18,17.82391929626465
2020-01-19,17.369253158569336
2020-01-20,17.325275421142578
2020-01-21,18.127666473388672
2020-01-22,17.79836082458496
2020-01-23,17.021404266357422
2020-01-24,17.047409057617188
2020-01-25,16.976106643676758
2020-01-26,17.43863296508789
2020-01-27,17.691341400146484
2020-01-28,18.115135192871094
2020-01-29,17.912776947021484
2020-01-30,18.590408325195313
2020-01-31,18.210979461669922
2020-02-01,18.218320846557617
2020-02-02,18.448184967041016
2020-02-03,18.46275520324707
2020-02-04,18.177366256713867
2020-02-05,19.215049743652344
2020-02-06,20.59526252746582
2020-02-07,22.062257766723633
2020-02-08,21.782419204711914
2020-02-09,24.308561325073242
2020-02-10,25.21831512451172
2020-02-11,25.63740348815918
2020-02-12,26.46676254272461
2020-02-13,25.440099716186523
2020-02-14,26.296958923339844
2020-02-15,24.14965057373047
2020-02-16,23.466388702392578
2020-02-17,23.55137825012207
2020-02-18,24.058177947998047
2020-02-19,22.333511352539063
2020-02-20,22.22914695739746
2020-02-21,22.184877395629883
2020-02-22,21.968481063842773
2020-02-23,22.82887077331543
2020-02-24,22.044126510620117
2020-02-25,20.342470169067383
2020-02-26,18.799131393432617
2020-02-27,19.122568130493164
2020-02-28,18.85483741760254
2020-02-29,19.584091186523438
2020-03-01,18.963232040405273
2020-03-02,19.814064025878906
2020-03-03,19.637189865112305
2020-03-04,19.95918846130371
2020-03-05,20.802030563354492
2020-03-06,21.288389205932617
2020-03-07,20.179567337036133
2020-03-08,16.97406578063965
2020-03-09,16.570743560791016
2020-03-10,16.875654220581055
2020-03-11,16.52483367919922
2020-03-12,9.600166320800781
2020-03-13,10.833057403564453
2020-03-14,10.140448570251465
2020-03-15,10.436017990112305
2020-03-16,9.3860502243042
2020-03-17,10.07717514038086
2020-03-18,10.119136810302734
2020-03-19,12.279640197753906
2020-03-20,11.875866889953613
2020-03-21,12.057991027832031
2020-03-22,11.158227920532227
2020-03-23,12.117714881896973
2020-03-24,12.401220321655273
2020-03-25,12.324299812316895
2020-03-26,13.217611312866211
2020-03-27,12.5232572555542
2020-03-28,12.193113327026367
2020-03-29,11.441221237182617
2020-03-30,12.286843299865723
2020-03-31,12.581605911254883
2020-04-01,12.741602897644043
2020-04-02,13.066638946533203
2020-04-03,13.373007774353027
2020-04-04,13.824527740478516
2020-04-05,13.734115600585938
2020-04-06,15.084521293640137
2020-04-07,14.681547164916992
2020-04-08,15.056076049804688
2020-04-09,15.062603950500488
2020-04-10,13.737724304199219
2020-04-11,13.804287910461426
2020-04-12,14.375110626220703
2020-04-13,15.03442668914795
2020-04-14,15.525075912475586
2020-04-15,14.593927383422852
2020-04-16,15.702730178833008
2020-04-17,15.735082626342773
2020-04-18,16.593172073364258
2020-04-19,16.13993263244629
2020-04-20,15.085403442382813
2020-04-21,15.205772399902344
2020-04-22,15.693160057067871
2020-04-23,16.006208419799805
2020-04-24,16.01641845703125
2020-04-25,16.305418014526367
2020-04-26,16.38376808166504
2020-04-27,16.463214874267578
2020-04-28,16.444286346435547
2020-04-29,17.4937744140625
2020-04-30,17.03397560119629
2020-05-01,17.564992904663086
2020-05-02,17.584903717041016
2020-05-03,17.126298904418945
2020-05-04,17.10075569152832
2020-05-05,16.919775009155273
2020-05-06,16.657045364379883
2020-05-07,17.013198852539063
2020-05-08,17.24147605895996
2020-05-09,16.93596076965332
2020-05-10,15.295668601989746
2020-05-11,15.09754467010498
2020-05-12,15.741053581237793
2020-05-13,16.138877868652344
2020-05-14,16.357799530029297
2020-05-15,15.754373550415039
2020-05-16,16.051780700683594
2020-05-17,16.314645767211914
2020-05-18,16.63626480102539
2020-05-19,17.1546630859375
2020-05-20,16.888025283813477
2020-05-21,16.12238121032715
2020-05-22,16.63959312438965
2020-05-23,16.588193893432617
2020-05-24,16.083438873291016
2020-05-25,16.400907516479492
2020-05-26,16.212547302246094
2020-05-27,16.493284225463867
2020-05-28,17.05933952331543
2020-05-29,17.041629791259766
2020-05-30,17.743417739868164
2020-05-31,17.04047203063965
2020-06-01,17.914941787719727
2020-06-02,17.239303588867188
2020-06-03,17.5454044342041
2020-06-04,17.565874099731445
2020-06-05,17.688785552978516
2020-06-06,17.535934448242188
2020-06-07,17.44703483581543
2020-06-08,17.393030166625977
2020-06-09,17.43537712097168
2020-06-10,17.41046714782715
2020-06-11,16.30892562866211
2020-06-12,16.669139862060547
2020-06-13,16.823734283447266
2020-06-14,16.65624237060547
2020-06-15,16.384801864624023
2020-06-16,16.42195701599121
2020-06-17,16.402542114257813
2020-06-18,16.208589553833008
2020-06-19,15.907086372375488
2020-06-20,16.04755973815918
2020-06-21,16.0012264251709
2020-06-22,16.47528839111328
2020-06-23,16.42256736755371
2020-06-24,16.026758193969727
2020-06-25,15.922709465026855
2020-06-26,15.749223709106445
2020-06-27,15.185254096984863
2020-06-28,15.420088768005371
2020-06-29,15.505231857299805
2020-06-30,15.413581848144531
2020-07-01,15.829460144042969
2020-07-02,15.538490295410156
2020-07-03,15.291961669921875
2020-07-04,15.55298137664795
2020-07-05,15.480225563049316
2020-07-06,16.296770095825195
2020-07-07,16.770225524902344
2020-07-08,17.227657318115234
2020-07-09,16.884868621826172
2020-07-10,17.26125144958496
2020-07-11,17.62217903137207
2020-07-12,18.23654556274414
2020-07-13,18.409563064575195
2020-07-14,18.082908630371094
2020-07-15,17.591215133666992
2020-07-16,17.143842697143555
2020-07-17,17.08497428894043
2020-07-18,17.126710891723633
2020-07-19,17.955778121948242
2020-07-20,17.484708786010742
2020-07-21,17.715408325195313
2020-07-22,18.091907501220703
2020-07-23,18.673295974731445
2020-07-24,19.15290069580078
2020-07-25,19.77642250061035
2020-07-26,19.521024703979492
2020-07-27,19.620328903198242
2020-07-28,20.173547744750977
2020-07-29,19.89558982849121
2020-07-30,20.01273536682129
2020-07-31,20.66814613342285
2020-08-01,21.530431747436523
2020-08-02,20.944887161254883
2020-08-03,22.055011749267578
2020-08-04,22.28258514404297
2020-08-05,23.336217880249023
2020-08-06,22.707660675048828
2020-08-07,22.311546325683594
2020-08-08,22.87811851501465
2020-08-09,22.475536346435547
2020-08-10,22.61379623413086
2020-08-11,21.25694465637207
2020-08-12,21.751449584960938
2020-08-13,22.075544357299805
2020-08-14,23.069791793823242
2020-08-15,23.021751403808594
2020-08-16,23.497102737426758
2020-08-17,23.510103225708008
2020-08-18,23.067180633544922
2020-08-19,22.310396194458008
2020-08-20,23.092575073242188
2020-08-21,22.12899398803711
2020-08-22,22.23982048034668
2020-08-23,21.87084197998047
2020-08-24,22.605852127075195
2020-08-25,21.475366592407227
2020-08-26,22.277305603027344
2020-08-27,23.080753326416016
2020-08-28,23.133811950683594
2020-08-29,23.011272430419922
2020-08-30,23.644914627075195
2020-08-31,23.193050384521484
2020-09-01,24.82209587097168
2020-09-02,24.69036293029785
2020-09-03,20.61988639831543
2020-09-04,21.056106567382813
2020-09-05,19.47876739501953
2020-09-06,23.190662384033203
2020-09-07,22.393306732177734
2020-09-08,23.190248489379883
2020-09-09,24.530290603637695
2020-09-10,24.55988883972168
2020-09-11,25.451414108276367
2020-09-12,28.529848098754883
2020-09-13,31.058629989624023
2020-09-14,31.17864227294922
2020-09-15,27.202390670776367
2020-09-16,27.9645938873291
2020-09-17,26.99312973022461
2020-09-18,27.39948081970215
2020-09-19,27.25111198425293
2020-09-20,26.392133712768555
2020-09-21,23.267879486083984
2020-09-22,24.100740432739258
2020-09-23,22.856977462768555
2020-09-24,24.61382484436035
2020-09-25,24.663387298583984
2020-09-26,26.221181869506836
2020-09-27,26.199216842651367
2020-09-28,26.97960662841797
2020-09-29,28.842979431152344
2020-09-30,29.290876388549805
2020-10-01,27.43197250366211
2020-10-02,27.285680770874023
2020-10-03,28.20231056213379
2020-10-04,28.9438533782959
2020-10-05,28.659103393554688
2020-10-06,27.714527130126953
2020-10-07,27.704835891723633
2020-10-08,27.705310821533203
2020-10-09,28.445030212402344
2020-10-10,28.31248664855957
2020-10-11,28.555580139160156
2020-10-12,30.71468162536621
2020-10-13,30.706745147705078
2020-10-14,30.912118911743164
2020-10-15,31.29586410522461
2020-10-16,29.99489974975586
2020-10-17,30.24823570251465
2020-10-18,30.659523010253906
2020-10-19,29.925067901611328
2020-10-20,28.803443908691406
2020-10-21,29.772354125976563
2020-10-22,30.658191680908203
2020-10-23,30.633960723876953
2020-10-24,30.588821411132813
2020-10-25,30.107540130615234
2020-10-26,31.154560089111328
2020-10-27,31.638721466064453
2020-10-28,30.363506317138672
2020-10-29,29.842477798461914
2020-10-30,28.508411407470703
2020-10-31,28.431215286254883
2020-11-01,28.461565017700195
2020-11-02,27.883930206298828
2020-11-03,26.8570499420166
2020-11-04,26.931514739990234
2020-11-05,27.675859451293945
2020-11-06,29.01799964904785
2020-11-07,27.738094329833984
2020-11-08,28.305116653442383
2020-11-09,28.018020629882813
2020-11-10,28.193342208862305
2020-11-11,27.956178665161133
2020-11-12,27.61480712890625
2020-11-13,28.182172775268555
2020-11-14,27.936201095581055
2020-11-15,27.621030807495117
2020-11-16,28.064109802246094
2020-11-17,28.530580520629883
2020-11-18,28.076162338256836
2020-11-19,28.094104766845703
2020-11-20,28.891996383666992
2020-11-21,30.39129066467285
2020-11-22,29.925071716308594
2020-11-23,30.965368270874023
2020-11-24,33.80315017700195
2020-11-25,31.342960357666016
2020-11-26,28.20491600036621
2020-11-27,28.475187301635742
2020-11-28,29.143911361694336
2020-11-29,30.117603302001953
2020-11-30,31.392786026000977
2020-12-01,30.10830307006836
2020-12-02,30.297361373901367
2020-12-03,30.704429626464844
2020-12-04,29.072208404541016
2020-12-05,29.729488372802734
2020-12-06,29.540803909301758
2020-12-07,29.378135681152344
2020-12-08,27.636306762695313
2020-12-09,28.129304885864258
2020-12-10,27.696189880371094
2020-12-11,27.361003875732422
2020-12-12,28.164451599121094
2020-12-13,29.10169219970703
2020-12-14,30.029577255249023
2020-12-15,29.547283172607422
2020-12-16,30.49019432067871
2020-12-17,30.184133529663086
2020-12-18,30.9383602142334
2020-12-19,33.296356201171875
2020-12-20,34.16029739379883
2020-12-21,32.269527435302734
2020-12-22,33.482948303222656
2020-12-23,31.097898483276367
2020-12-24,32.50059127807617
2020-12-25,33.164974212646484
2020-12-26,33.47713851928711
2020-12-27,33.51184844970703
2020-12-28,35.84455871582031
2020-12-29,38.95283126831055
2020-12-30,38.13629913330078
2020-12-31,37.376033782958984
2021-01-01,37.90501022338867
2021-01-02,38.24159240722656
2021-01-03,41.14897918701172
2021-01-04,40.926353454589844
2021-01-05,41.73460006713867
2021-01-06,42.16595458984375
2021-01-07,43.44948959350586
2021-01-08,42.39531707763672
2021-01-09,43.93285369873047
2021-01-10,42.4484748840332
2021-01-11,38.371360778808594
2021-01-12,38.111610412597656
2021-01-13,40.13593292236328
2021-01-14,41.79368209838867
2021-01-15,40.91897964477539
2021-01-16,43.17182540893555
2021-01-17,45.68461227416992
2021-01-18,45.353172302246094
2021-01-19,42.7855339050293
2021-01-20,42.60689926147461
2021-01-21,38.64583969116211
2021-01-22,40.85757064819336
2021-01-23,40.81547927856445
2021-01-24,41.88160705566406
2021-01-25,41.62370300292969
2021-01-26,41.69473648071289
2021-01-27,40.994876861572266
2021-01-28,42.52910614013672
2021-01-29,42.85234832763672
2021-01-30,44.77227783203125
2021-01-31,44.27599334716797
2021-02-01,51.607696533203125
2021-02-02,51.05640411376953
2021-02-03,52.242637634277344
2021-02-04,55.92512512207031
2021-02-05,67.84556579589844
2021-02-06,72.73359680175781
2021-02-07,68.59052276611328
2021-02-08,79.83154296875
2021-02-09,107.89927673339844
2021-02-10,129.73715209960938
2021-02-11,124.43425750732422
2021-02-12,136.94839477539063
2021-02-13,133.4526824951172
2021-02-14,136.426513671875
2021-02-15,129.56788635253906
2021-02-16,130.05665588378906
2021-02-17,164.67010498046875
2021-02-18,195.93263244628906
2021-02-19,332.61602783203125
2021-02-20,255.9537353515625
2021-02-21,293.923583984375
2021-02-22,267.5097961425781
2021-02-23,230.99424743652344
2021-02-24,254.359130859375
2021-02-25,233.88595581054688
2021-02-26,221.68043518066406
2021-02-27,225.2494354248047
2021-02-28,209.57440185546875
2021-03-01,254.6299285888672
2021-03-02,239.5225372314453
2021-03-03,241.09136962890625
2021-03-04,229.945068359375
2021-03-05,226.37255859375
2021-03-06,226.66685485839844
2021-03-07,240.17921447753906
2021-03-08,240.31866455078125
2021-03-09,293.4632263183594
2021-03-10,279.3580322265625
2021-03-11,289.7908020019531
2021-03-12,263.6858215332031
2021-03-13,276.1047058105469
2021-03-14,264.6367492675781
2021-03-15,254.66082763671875
2021-03-16,258.1006774902344
2021-03-17,269.8548583984375
2021-03-18,261.7048034667969
2021-03-19,264.05743408203125
2021-03-20,264.7416687011719
2021-03-21,264.88616943359375
2021-03-22,255.9001922607422
2021-03-23,255.68966674804688
2021-03-24,249.85137939453125
2021-03-25,234.88543701171875
2021-03-26,255.1045684814453
2021-03-27,269.1023254394531
2021-03-28,269.1912841796875
2021-03-29,275.2146301269531
2021-03-30,311.4264831542969
2021-03-31,302.0634460449219
2021-04-01,335.212890625
2021-04-02,339.0077209472656
2021-04-03,323.1335144042969
2021-04-04,351.6243896484375
2021-04-05,367.7724914550781
2021-04-06,403.59075927734375
2021-04-07,374.6588134765625
2021-04-08,418.03839111328125
2021-04-09,453.178466796875
2021-04-10,472.5603332519531
2021-04-11,525.38555908203125
2021-04-12,598.72265625
2021-04-13,549.5865478515625
2021-04-14,549.59185791015625
2021-04-15,542.632080078125
2021-04-16,510.2201843261719
2021-04-17,520.416748046875
2021-04-18,481.03424072265625
2021-04-19,505.0929260253906
2021-04-20,587.02911376953125
2021-04-21,546.0235595703125
2021-04-22,506.01300048828125
2021-04-23,526.56524658203125
2021-04-24,496.4150695800781
2021-04-25,505.0770568847656
2021-04-26,534.57769775390625
2021-04-27,568.47052001953125
2021-04-28,562.632568359375
2021-04-29,599.70654296875
2021-04-30,624.08056640625
2021-05-01,619.34722900390625
2021-05-02,622.10101318359375
2021-05-03,675.68408203125
2021-05-04,611.2003173828125
2021-05-05,651.6627197265625
2021-05-06,633.2803955078125
2021-05-07,624.56329345703125
2021-05-08,646.100830078125
2021-05-09,662.22857666015625
2021-05-10,631.35198974609375
2021-05-11,672.33392333984375
2021-05-12,588.1851806640625
2021-05-13,571.43450927734375
2021-05-14,603.1282958984375
2021-05-15,563.04168701171875
2021-05-16,562.829833984375
2021-05-17,511.9643859863281
2021-05-18,508.0223083496094
2021-05-19,339.0254821777344
2021-05-20,393.6127624511719
2021-05-21,326.29632568359375
2021-05-22,299.50408935546875
2021-05-23,262.9456787109375
2021-05-24,345.30963134765625
2021-05-25,344.1139831542969
2021-05-26,379.85430908203125
2021-05-27,367.6557922363281
2021-05-28,329.8799133300781
2021-05-29,305.0521545410156
2021-05-30,325.7840270996094
2021-05-31,354.329345703125
2021-06-01,362.7946472167969
2021-06-02,401.2623291015625
2021-06-03,427.80792236328125
2021-06-04,391.39532470703125
2021-06-05,390.4318542480469
2021-06-06,393.8202209472656
2021-06-07,357.3102111816406
2021-06-08,354.0013732910156
2021-06-09,375.73468017578125
2021-06-10,352.1831970214844
2021-06-11,345.9336853027344
2021-06-12,343.74102783203125
2021-06-13,366.6489562988281
2021-06-14,368.7927551269531
2021-06-15,373.566162109375
2021-06-16,347.033447265625
2021-06-17,352.738525390625
2021-06-18,336.8096923828125
2021-06-19,335.71282958984375
2021-06-20,340.06719970703125
2021-06-21,270.98443603515625
2021-06-22,261.8180847167969
2021-06-23,294.49029541015625
2021-06-24,308.39703369140625
2021-06-25,281.62091064453125
2021-06-26,279.43804931640625
2021-06-27,290.5670166015625
2021-06-28,289.53411865234375
2021-06-29,300.2115478515625
2021-06-30,303.2958679199219
2021-07-01,288.2184143066406
2021-07-02,287.423095703125
2021-07-03,298.23712158203125
2021-07-04,307.7320861816406
2021-07-05,302.37799072265625
2021-07-06,320.934814453125
2021-07-07,327.5224609375
2021-07-08,310.4271240234375
2021-07-09,316.4845275878906
2021-07-10,316.14013671875
2021-07-11,322.0316467285156
2021-07-12,316.32818603515625
2021-07-13,308.8111572265625
2021-07-14,309.4063720703125
2021-07-15,315.2440185546875
2021-07-16,302.985595703125
2021-07-17,300.4979248046875
2021-07-18,302.4804992675781
2021-07-19,280.01861572265625
2021-07-20,264.7823791503906
2021-07-21,292.5313720703125
2021-07-22,293.6411437988281
2021-07-23,299.2829895019531
2021-07-24,302.0718688964844
2021-07-25,302.4361572265625
2021-07-26,304.4782409667969
2021-07-27,313.60260009765625
2021-07-28,313.42864990234375
2021-07-29,316.74945068359375
2021-07-30,322.90936279296875
2021-07-31,333.5495910644531
2021-08-01,333.4840087890625
2021-08-02,331.1031188964844
2021-08-03,322.74774169921875
2021-08-04,334.9187927246094
2021-08-05,337.8738708496094
2021-08-06,342.1369934082031
2021-08-07,355.7413635253906
2021-08-08,342.06475830078125
2021-08-09,354.9668273925781
2021-08-10,371.9543762207031
2021-08-11,391.7570495605469
2021-08-12,385.8189697265625
2021-08-13,410.94488525390625
2021-08-14,409.03448486328125
2021-08-15,414.59503173828125
2021-08-16,417.4708557128906
2021-08-17,401.9089050292969
2021-08-18,398.25146484375
2021-08-19,430.9888610839844
2021-08-20,454.9363098144531
2021-08-21,448.9202575683594
2021-08-22,449.0534973144531
2021-08-23,499.8905944824219
2021-08-24,471.595458984375
2021-08-25,502.7862548828125
2021-08-26,479.006103515625
2021-08-27,494.4986877441406
2021-08-28,486.1969299316406
2021-08-29,480.28302001953125
2021-08-30,459.4907531738281
2021-08-31,464.4187316894531
2021-09-01,490.0687255859375
2021-09-02,483.9210510253906
2021-09-03,488.6047058105469
2021-09-04,498.07843017578125
2021-09-05,504.619873046875
2021-09-06,495.9250183105469
2021-09-07,417.5087890625
2021-09-08,415.1131591796875
2021-09-09,421.27001953125
2021-09-10,401.6217956542969
2021-09-11,405.5273742675781
2021-09-12,416.6832275390625
2021-09-13,399.0634460449219
2021-09-14,414.2362365722656
2021-09-15,431.42303466796875
2021-09-16,424.64923095703125
2021-09-17,406.6328125
2021-09-18,410.8092956542969
2021-09-19,408.4716491699219
2021-09-20,361.9659118652344
2021-09-21,344.53460693359375
2021-09-22,379.4403381347656
2021-09-23,383.8204040527344
2021-09-24,355.3162841796875
2021-09-25,349.8800964355469
2021-09-26,344.1817626953125
2021-09-27,336.19122314453125
2021-09-28,333.0325927734375
2021-09-29,367.9895935058594
2021-09-30,387.0573425292969
2021-10-01,421.6431884765625
2021-10-02,428.09832763671875
2021-10-03,430.5088195800781
2021-10-04,425.7489013671875
2021-10-05,442.7061462402344
2021-10-06,435.4013671875
2021-10-07,438.7617492675781
2021-10-08,419.10205078125
2021-10-09,421.5494689941406
2021-10-10,405.0693054199219
2021-10-11,413.4562072753906
2021-10-12,443.8675231933594
2021-10-13,470.74969482421875
2021-10-14,472.02239990234375
2021-10-15,473.70263671875
2021-10-16,465.6424560546875
2021-10-17,470.62554931640625
2021-10-18,485.11102294921875
2021-10-19,488.14886474609375
2021-10-20,501.02032470703125
2021-10-21,471.2569274902344
2021-10-22,478.6431579589844
2021-10-23,485.90643310546875
2021-10-24,476.63311767578125
2021-10-25,484.64508056640625
2021-10-26,478.0250549316406
2021-10-27,449.00799560546875
2021-10-28,492.0155334472656
2021-10-29,529.62213134765625
2021-10-30,527.92120361328125
2021-10-31,524.36444091796875
2021-11-01,551.25592041015625
2021-11-02,554.4476318359375
2021-11-03,568.57879638671875
2021-11-04,559.7373046875
2021-11-05,608.6480712890625
2021-11-06,636.11395263671875
2021-11-07,650.45404052734375
2021-11-08,654.31500244140625
2021-11-09,635.19061279296875
2021-11-10,615.278076171875
2021-11-11,629.892333984375
2021-11-12,626.64251708984375
2021-11-13,650.1041259765625
2021-11-14,650.9180908203125
2021-11-15,633.04864501953125
2021-11-16,589.8228759765625
2021-11-17,578.0927734375
2021-11-18,532.23760986328125
2021-11-19,581.53082275390625
2021-11-20,603.84002685546875
2021-11-21,585.29425048828125
2021-11-22,559.12701416015625
2021-11-23,591.4395751953125
2021-11-24,581.39532470703125
2021-11-25,603.730224609375
2021-11-26,585.1473388671875
2021-11-27,600.3367919921875
2021-11-28,611.3668212890625
2021-11-29,624.31005859375
2021-11-30,622.66986083984375
2021-12-01,627.9715576171875
2021-12-02,619.47015380859375
2021-12-03,594.635986328125
2021-12-04,569.0772705078125
2021-12-05,557.7830810546875
2021-12-06,589.25616455078125
2021-12-07,579.68988037109375
2021-12-08,607.5927734375
2021-12-09,571.64898681640625
2021-12-10,552.96685791015625
2021-12-11,564.322509765625
2021-12-12,570.823974609375
2021-12-13,521.0115966796875
2021-12-14,511.2293701171875
2021-12-15,541.0269775390625
2021-12-16,526.24652099609375
2021-12-17,525.706298828125
2021-12-18,533.891357421875
2021-12-19,529.9720458984375
2021-12-20,523.1624755859375
2021-12-21,528.71099853515625
2021-12-22,533.64495849609375
2021-12-23,548.725830078125
2021-12-24,541.90203857421875
2021-12-25,547.32623291015625
2021-12-26,546.9949951171875
2021-12-27,562.6414794921875
2021-12-28,534.92803955078125
2021-12-29,514.00079345703125
2021-12-30,518.90972900390625
2021-12-31,511.70831298828125
2022-01-01,527.35272216796875
2022-01-02,531.39666748046875
2022-01-03,512.135986328125
2022-01-04,507.506103515625
2022-01-05,475.05694580078125
2022-01-06,473.2756042480469
2022-01-07,447.7884826660156
2022-01-08,430.24615478515625
2022-01-09,438.8030700683594
2022-01-10,424.93377685546875
2022-01-11,463.518310546875
2022-01-12,487.0074157714844
2022-01-13,475.02911376953125
2022-01-14,489.867431640625
2022-01-15,494.9880676269531
2022-01-16,498.42791748046875
2022-01-17,475.7098693847656
2022-01-18,472.00506591796875
2022-01-19,462.82208251953125
2022-01-20,440.00543212890625
2022-01-21,383.07391357421875
2022-01-22,358.0961608886719
2022-01-23,383.9339599609375
2022-01-24,371.36895751953125
2022-01-25,384.6193542480469
2022-01-26,375.7554626464844
2022-01-27,390.0882873535156
2022-01-28,386.0843811035156
2022-01-29,389.1327819824219
2022-01-30,377.6129150390625
2022-01-31,375.2773132324219
2022-02-01,385.46380615234375
2022-02-02,367.4716796875
2022-02-03,370.87774658203125
2022-02-04,399.02960205078125
2022-02-05,414.20001220703125
2022-02-06,419.5455627441406
2022-02-07,433.2292785644531
2022-02-08,408.7767639160156
2022-02-09,422.4655456542969
2022-02-10,415.1192321777344
2022-02-11,400.4223937988281
2022-02-12,403.3897399902344
2022-02-13,398.88677978515625
2022-02-14,403.6607971191406
2022-02-15,432.4093933105469
2022-02-16,427.9181213378906
2022-02-17,402.4500427246094
2022-02-18,399.5691833496094
2022-02-19,400.0435791015625
2022-02-20,380.825927734375
2022-02-21,356.6612548828125
2022-02-22,374.3074645996094
2022-02-23,366.53948974609375
2022-02-24,361.2346496582031
2022-02-25,374.9149475097656
2022-02-26,373.6387634277344
2022-02-27,360.5310363769531
2022-02-28,395.6124267578125
2022-03-01,408.4822998046875
2022-03-02,409.00030517578125
2022-03-03,402.5506896972656
2022-03-04,374.2808837890625
2022-03-05,384.87335205078125
2022-03-06,375.0111999511719
2022-03-07,381.3446350097656
2022-03-08,381.95855712890625
2022-03-09,393.5557556152344
2022-03-10,372.1590270996094
2022-03-11,372.1840515136719
2022-03-12,372.7303771972656
2022-03-13,361.8498229980469
2022-03-14,373.4661560058594
2022-03-15,371.62884521484375
2022-03-16,385.5282287597656
2022-03-17,391.8247375488281
2022-03-18,397.6455078125
2022-03-19,399.8535461425781
2022-03-20,390.76837158203125
2022-03-21,396.44781494140625
2022-03-22,404.31494140625
2022-03-23,408.6097717285156
2022-03-24,414.1269836425781
2022-03-25,410.8111572265625
2022-03-26,415.9197998046875
2022-03-27,430.5032653808594
2022-03-28,430.390869140625
2022-03-29,434.50567626953125
2022-03-30,442.6848449707031
2022-03-31,428.9161071777344
2022-04-01,446.6042785644531
2022-04-02,436.9553527832031
2022-04-03,450.348876953125
2022-04-04,447.5249328613281
2022-04-05,445.172607421875
2022-04-06,420.1463623046875
2022-04-07,436.7967834472656
2022-04-08,421.67724609375
2022-04-09,427.1530456542969
2022-04-10,418.5906677246094
2022-04-11,394.0868835449219
2022-04-12,413.8739318847656
2022-04-13,423.1301574707031
2022-04-14,414.6637268066406
2022-04-15,417.2937316894531
2022-04-16,417.47845458984375
2022-04-17,407.3777160644531
2022-04-18,416.9684143066406
2022-04-19,422.3870544433594
2022-04-20,418.354248046875
2022-04-21,405.0214538574219
2022-04-22,406.9875183105469
2022-04-23,401.6524658203125
2022-04-24,399.1053771972656
2022-04-25,404.35028076171875
2022-04-26,385.4830627441406
2022-04-27,391.4458312988281
2022-04-28,406.71820068359375
2022-04-29,393.0621643066406
2022-04-30,377.767822265625
2022-05-01,390.281982421875
2022-05-02,389.670654296875
2022-05-03,383.4757995605469
2022-05-04,402.5026550292969
2022-05-05,378.77362060546875
2022-05-06,379.3042907714844
2022-05-07,365.6841125488281
2022-05-08,355.39874267578125
2022-05-09,299.34893798828125
2022-05-10,319.32696533203125
2022-05-11,269.9627685546875
2022-05-12,269.4072570800781
2022-05-13,290.5841979980469
2022-05-14,297.3876037597656
2022-05-15,312.0077209472656
2022-05-16,297.7101135253906
2022-05-17,305.96343994140625
2022-05-18,287.43878173828125
2022-05-19,306.79156494140625
2022-05-20,302.3592224121094
2022-05-21,312.4660339355469
2022-05-22,319.6090087890625
2022-05-23,316.76055908203125
2022-05-24,328.1893310546875
2022-05-25,325.73480224609375
2022-05-26,304.96392822265625
2022-05-27,300.9720458984375
2022-05-28,307.8154296875
2022-05-29,305.9750671386719
2022-05-30,321.7528991699219
2022-05-31,320.485107421875
2022-06-01,300.5040588378906
2022-06-02,308.1017761230469
2022-06-03,298.39788818359375
2022-06-04,301.6311340332031
2022-06-05,298.9347229003906
2022-06-06,295.3960266113281
2022-06-07,290.34112548828125
2022-06-08,288.6160888671875
2022-06-09,289.9196472167969
2022-06-10,286.04669189453125
2022-06-11,269.48699951171875
2022-06-12,255.9508819580078
2022-06-13,222.5057830810547
2022-06-14,223.22125244140625
2022-06-15,233.39671325683594
2022-06-16,209.5387420654297
2022-06-17,215.8917999267578
2022-06-18,197.04299926757813
2022-06-19,214.9205322265625
2022-06-20,216.93426513671875
2022-06-21,219.49862670898438
2022-06-22,214.2619171142578
2022-06-23,228.95375061035156
2022-06-24,240.23831176757813
2022-06-25,239.69065856933594
2022-06-26,233.85874938964844
2022-06-27,233.65402221679688
2022-06-28,226.92733764648438
2022-06-29,219.2844696044922
2022-06-30,219.3000946044922
2022-07-01,216.0154571533203
2022-07-02,218.0352325439453
2022-07-03,218.98031616210938
2022-07-04,231.57412719726563
2022-07-05,230.8463592529297
2022-07-06,238.49993896484375
2022-07-07,241.5445098876953
2022-07-08,240.75071716308594
2022-07-09,243.24107360839844
2022-07-10,234.65557861328125
2022-07-11,225.85850524902344
2022-07-12,220.4645538330078
2022-07-13,230.52476501464844
2022-07-14,238.1644744873047
2022-07-15,238.57398986816406
2022-07-16,249.5938720703125
2022-07-17,247.84848022460938
2022-07-18,264.88604736328125
2022-07-19,268.81732177734375
2022-07-20,258.33880615234375
2022-07-21,265.4625549316406
2022-07-22,262.87744140625
2022-07-23,259.4630126953125
2022-07-24,261.8648681640625
2022-07-25,245.14849853515625
2022-07-26,248.9583740234375
2022-07-27,271.5043640136719
2022-07-28,277.2939147949219
2022-07-29,293.9533386230469
2022-07-30,287.5361328125
2022-07-31,283.5794677734375
2022-08-01,283.53948974609375
2022-08-02,283.82098388671875
2022-08-03,298.3567810058594
2022-08-04,310.7060546875
2022-08-05,315.185546875
2022-08-06,315.06890869140625
2022-08-07,322.921142578125
2022-08-08,324.8004150390625
2022-08-09,324.9123229980469
2022-08-10,328.4711608886719
2022-08-11,323.80023193359375
2022-08-12,327.5146789550781
2022-08-13,323.8701477050781
2022-08-14,317.98663330078125
2022-08-15,319.8872985839844
2022-08-16,316.4236755371094
2022-08-17,306.63641357421875
2022-08-18,298.1412353515625
2022-08-19,279.7187194824219
2022-08-20,283.6931457519531
2022-08-21,302.0562744140625
2022-08-22,300.5591125488281
2022-08-23,299.0299377441406
2022-08-24,296.4496765136719
2022-08-25,301.5836486816406
2022-08-26,279.5981750488281
2022-08-27,277.80157470703125
2022-08-28,276.2508850097656
2022-08-29,286.2214050292969
2022-08-30,281.42535400390625
2022-08-31,279.23809814453125
2022-09-01,278.417236328125
2022-09-02,277.4161071777344
2022-09-03,277.77557373046875
2022-09-04,278.84185791015625
2022-09-05,276.6859130859375
2022-09-06,262.66839599609375
2022-09-07,278.7613220214844
2022-09-08,280.5774841308594
2022-09-09,293.4071350097656
2022-09-10,296.96905517578125
2022-09-11,295.161865234375
2022-09-12,293.6587219238281
2022-09-13,277.5769348144531
2022-09-14,279.3858642578125
2022-09-15,270.806884765625
2022-09-16,274.6545715332031
2022-09-17,279.24932861328125
2022-09-18,266.31317138671875
2022-09-19,272.06982421875
2022-09-20,266.3695983886719
2022-09-21,264.7920837402344
2022-09-22,275.5002746582031
2022-09-23,276.6262512207031
2022-09-24,275.1353759765625
2022-09-25,274.0612487792969
2022-09-26,275.9278564453125
2022-09-27,272.40155029296875
2022-09-28,281.7812194824219
2022-09-29,283.7890319824219
2022-09-30,284.1922912597656
2022-10-01,282.8719177246094
2022-10-02,284.43310546875
2022-10-03,287.031982421875
2022-10-04,296.2984619140625
2022-10-05,294.1376647949219
2022-10-06,286.6341552734375
2022-10-07,283.18267822265625
2022-10-08,276.4695739746094
2022-10-09,278.2380676269531
2022-10-10,271.8060607910156
2022-10-11,271.37139892578125
2022-10-12,270.97100830078125
2022-10-13,271.8514099121094
2022-10-14,269.5671691894531
2022-10-15,268.4040832519531
2022-10-16,272.51995849609375
2022-10-17,275.5125732421875
2022-10-18,273.2145690917969
2022-10-19,271.9813537597656
2022-10-20,269.2712707519531
2022-10-21,270.0384216308594
2022-10-22,270.4794921875
2022-10-23,276.0081787109375
2022-10-24,273.9774169921875
2022-10-25,284.4325256347656
2022-10-26,290.3769836425781
2022-10-27,286.8441162109375
2022-10-28,298.0141906738281
2022-10-29,304.21795654296875
2022-10-30,313.7547912597656
2022-10-31,326.3607177734375
2022-11-01,324.5794372558594
2022-11-02,320.1505432128906
2022-11-03,329.71697998046875
2022-11-04,354.4063720703125
2022-11-05,349.25372314453125
2022-11-06,339.3893737792969
2022-11-07,337.0145568847656
2022-11-08,327.6902770996094
2022-11-09,266.8531188964844
2022-11-10,304.0800476074219
2022-11-11,289.820556640625
2022-11-12,282.3412780761719
2022-11-13,276.5794372558594
2022-11-14,278.57843017578125
2022-11-15,276.8740234375
2022-11-16,272.08160400390625
2022-11-17,267.91131591796875
2022-11-18,273.91998291015625
2022-11-19,272.3976745605469
2022-11-20,264.2351379394531
2022-11-21,254.1682586669922
2022-11-22,266.3243408203125
2022-11-23,297.8474426269531
2022-11-24,300.4278259277344
2022-11-25,300.57769775390625
2022-11-26,311.3884582519531
2022-11-27,307.4292907714844
2022-11-28,293.5272521972656
2022-11-29,295.4981689453125
2022-11-30,300.7943420410156
2022-12-01,292.0162048339844
2022-12-02,293.5274963378906
2022-12-03,290.5631408691406
2022-12-04,292.2882995605469
2022-12-05,288.4742736816406
2022-12-06,290.3544616699219
2022-12-07,284.284423828125
2022-12-08,290.53717041015625
2022-12-09,286.0904235839844
2022-12-10,288.1252136230469
2022-12-11,284.3904113769531
2022-12-12,276.2781982421875
2022-12-13,271.9516906738281
2022-12-14,268.2315368652344
2022-12-15,258.2737121582031
2022-12-16,231.23243713378906
2022-12-17,242.52928161621094
2022-12-18,251.15638732910156
2022-12-19,240.65780639648438
2022-12-20,251.74453735351563
2022-12-21,246.04698181152344
2022-12-22,245.890625
2022-12-23,246.14817810058594
2022-12-24,244.63552856445313
2022-12-25,243.14149475097656
2022-12-26,244.1982879638672
2022-12-27,246.5966796875
2022-12-28,244.1419219970703
2022-12-29,246.47972106933594
2022-12-30,245.7792205810547
2022-12-31,246.3491973876953
2023-01-01,244.13697814941406
2023-01-02,245.53590393066406
2023-01-03,246.13336181640625
2023-01-04,259.11968994140625
2023-01-05,256.4228515625
2023-01-06,259.8671569824219
2023-01-07,261.2828369140625
2023-01-08,274.38507080078125
2023-01-09,272.7015380859375
2023-01-10,277.2896423339844
2023-01-11,285.0465087890625
2023-01-12,287.8123474121094
2023-01-13,293.7330017089844
2023-01-14,305.2411193847656
2023-01-15,302.0706481933594
2023-01-16,298.9992370605469
2023-01-17,299.82452392578125
2023-01-18,286.9910583496094
2023-01-19,294.8522033691406
2023-01-20,304.9731750488281
2023-01-21,299.26116943359375
2023-01-22,303.04644775390625
2023-01-23,305.50408935546875
2023-01-24,300.6123352050781
2023-01-25,307.3076477050781
2023-01-26,304.8665466308594
2023-01-27,308.12310791015625
2023-01-28,306.24432373046875
2023-01-29,317.3362121582031
2023-01-30,307.0688781738281
2023-01-31,312.3610534667969
2023-02-01,317.47259521484375
2023-02-02,323.34979248046875
2023-02-03,332.2686767578125
2023-02-04,330.6170959472656
2023-02-05,327.8693542480469
2023-02-06,324.6271667480469
2023-02-07,333.2278747558594
2023-02-08,328.0886535644531
2023-02-09,305.9604187011719
2023-02-10,305.9541320800781
2023-02-11,310.61602783203125
2023-02-12,312.9296569824219
2023-02-13,294.475341796875
2023-02-14,296.120361328125
2023-02-15,317.1692199707031
2023-02-16,304.7637023925781
2023-02-17,313.37799072265625
2023-02-18,316.6827087402344
2023-02-19,311.93585205078125
2023-02-20,315.37744140625
2023-02-21,311.4720153808594
2023-02-22,312.7811279296875
2023-02-23,308.533935546875
2023-02-24,302.0537109375
2023-02-25,302.3846130371094
2023-02-26,308.9970703125
2023-02-27,304.8558044433594
2023-02-28,301.4748229980469
2023-03-01,302.907470703125
2023-03-02,299.9461669921875
2023-03-03,290.2828369140625
2023-03-04,289.5038757324219
2023-03-05,288.69970703125
2023-03-06,288.0549621582031
2023-03-07,289.34368896484375
2023-03-08,286.86700439453125
2023-03-09,277.2961120605469
2023-03-10,277.4195861816406
2023-03-11,277.96142578125
2023-03-12,289.67578125
2023-03-13,308.9122009277344
2023-03-14,309.37078857421875
2023-03-15,307.12493896484375
2023-03-16,329.8608703613281
2023-03-17,339.0811462402344
2023-03-18,331.5242919921875
2023-03-19,336.9782409667969
2023-03-20,332.9230041503906
2023-03-21,335.3092346191406
2023-03-22,321.8877258300781
2023-03-23,329.8370056152344
2023-03-24,322.3593444824219
2023-03-25,322.6730651855469
2023-03-26,328.88800048828125
2023-03-27,310.9491271972656
2023-03-28,313.2606201171875
2023-03-29,313.8417663574219
2023-03-30,316.56756591796875
2023-03-31,317.0400085449219
2023-04-01,315.2173156738281
2023-04-02,313.9286193847656
2023-04-03,308.5623779296875
2023-04-04,310.9948425292969
2023-04-05,314.06317138671875
2023-04-06,312.45465087890625
2023-04-07,310.6994934082031
2023-04-08,310.6347351074219
2023-04-09,312.87225341796875
2023-04-10,318.3790588378906
2023-04-11,322.7582702636719
2023-04-12,318.9537658691406
2023-04-13,324.9480895996094
2023-04-14,329.1738586425781
2023-04-15,333.40728759765625
2023-04-16,348.2209167480469
2023-04-17,339.9941101074219
2023-04-18,343.1934509277344
2023-04-19,322.70751953125
2023-04-20,317.8899230957031
2023-04-21,321.67498779296875
2023-04-22,331.9950866699219
2023-04-23,330.61883544921875
2023-04-24,331.2458801269531
2023-04-25,338.3255615234375
2023-04-26,330.82177734375
2023-04-27,331.1950988769531
2023-04-28,324.500244140625
2023-04-29,322.1347351074219
2023-04-30,337.6455383300781
2023-05-01,328.7242126464844
2023-05-02,321.95269775390625
2023-05-03,326.212890625
2023-05-04,323.9171447753906
2023-05-05,326.9403076171875
2023-05-06,322.7740173339844
2023-05-07,321.6110534667969
2023-05-08,313.9712219238281
2023-05-09,312.5137023925781
2023-05-10,314.57745361328125
2023-05-11,307.6958312988281
2023-05-12,308.6031188964844
2023-05-13,311.0868835449219
2023-05-14,312.1358947753906
2023-05-15,313.5294189453125
2023-05-16,311.3800354003906
2023-05-17,314.0835266113281
2023-05-18,309.4566955566406
2023-05-19,308.96429443359375
2023-05-20,310.719970703125
2023-05-21,306.5067138671875
2023-05-22,309.2456359863281
2023-05-23,313.5062255859375
2023-05-24,305.9327697753906
2023-05-25,304.733642578125
2023-05-26,306.8863220214844
2023-05-27,307.5917663574219
2023-05-28,314.2700500488281
2023-05-29,311.80718994140625
2023-05-30,311.68450927734375
2023-05-31,306.86669921875
2023-06-01,304.9532775878906
2023-06-02,307.4237976074219
2023-06-03,306.7201232910156
2023-06-04,305.15679931640625
2023-06-05,276.8892517089844
2023-06-06,281.4955749511719
2023-06-07,259.3914489746094
2023-06-08,262.14849853515625
2023-06-09,260.7160949707031
2023-06-10,239.08908081054688
2023-06-11,235.4387969970703
2023-06-12,231.0514373779297
2023-06-13,243.89053344726563
2023-06-14,237.5742645263672
2023-06-15,236.2806854248047
2023-06-16,239.1146697998047
2023-06-17,244.61058044433594
2023-06-18,244.08726501464844
2023-06-19,242.9033660888672
2023-06-20,247.6744384765625
2023-06-21,249.28634643554688
2023-06-22,240.7924346923828
2023-06-23,244.56494140625
2023-06-24,236.65965270996094
2023-06-25,238.8929901123047
2023-06-26,236.13426208496094
2023-06-27,237.49267578125
2023-06-28,230.65036010742188
2023-06-29,233.23245239257813
2023-06-30,240.36978149414063
2023-07-01,247.75942993164063
2023-07-02,246.25791931152344
2023-07-03,246.38221740722656
2023-07-04,242.492919921875
2023-07-05,239.08108520507813
2023-07-06,232.31942749023438
2023-07-07,235.62115478515625
2023-07-08,236.28738403320313
2023-07-09,234.22836303710938
2023-07-10,245.874267578125
2023-07-11,248.538330078125
2023-07-12,244.01988220214844
2023-07-13,256.48968505859375
2023-07-14,248.19161987304688
2023-07-15,251.09970092773438
2023-07-16,242.65682983398438
2023-07-17,244.35299682617188
2023-07-18,240.2649383544922
2023-07-19,241.1608123779297
2023-07-20,242.73313903808594
2023-07-21,243.7889862060547
2023-07-22,241.03074645996094
2023-07-23,242.45596313476563
2023-07-24,238.9462127685547
2023-07-25,237.80856323242188
2023-07-26,238.9623565673828
2023-07-27,240.49879455566406
2023-07-28,241.97703552246094
2023-07-29,242.5763702392578
2023-07-30,242.52598571777344
2023-07-31,241.1206512451172
2023-08-01,247.50502014160156
2023-08-02,240.49464416503906
2023-08-03,241.0615234375
2023-08-04,241.47601318359375
2023-08-05,242.9593505859375
2023-08-06,242.79859924316406
2023-08-07,241.79750061035156
2023-08-08,245.14990234375
2023-08-09,243.89364624023438
2023-08-10,241.26246643066406
2023-08-11,239.70689392089844
2023-08-12,240.27362060546875
2023-08-13,240.03334045410156
2023-08-14,240.33924865722656
2023-08-15,236.67958068847656
2023-08-16,231.86874389648438
2023-08-17,218.5358428955078
2023-08-18,216.112548828125
2023-08-19,216.99945068359375
2023-08-20,216.63580322265625
2023-08-21,210.63894653320313
2023-08-22,210.8343505859375
2023-08-23,216.3992919921875
2023-08-24,218.64639282226563
2023-08-25,218.3310546875
2023-08-26,216.36424255371094
2023-08-27,218.35800170898438
2023-08-28,218.71856689453125
2023-08-29,226.86288452148438
2023-08-30,223.7994384765625
2023-08-31,216.59779357910156
2023-09-01,213.63055419921875
2023-09-02,214.44854736328125
2023-09-03,214.3999481201172
2023-09-04,215.197509765625
2023-09-05,214.47813415527344
2023-09-06,215.13465881347656
2023-09-07,216.88717651367188
2023-09-08,214.56202697753906
2023-09-09,214.2229461669922
2023-09-10,212.31802368164063
2023-09-11,206.03421020507813
2023-09-12,210.99436950683594
2023-09-13,212.64259338378906
2023-09-14,212.2828369140625
2023-09-15,214.17552185058594
2023-09-16,214.96054077148438
2023-09-17,216.4657745361328
2023-09-18,216.00392150878906
2023-09-19,217.21095275878906
2023-09-20,214.3633270263672
2023-09-21,210.7939453125
2023-09-22,211.15086364746094
2023-09-23,210.56060791015625
2023-09-24,208.28289794921875
2023-09-25,210.0738067626953
2023-09-26,212.37844848632813
2023-09-27,211.98541259765625
2023-09-28,215.07598876953125
2023-09-29,215.2794189453125
2023-09-30,214.82130432128906
2023-10-01,218.04713439941406
2023-10-02,214.7579345703125
2023-10-03,213.43594360351563
2023-10-04,213.4130859375
2023-10-05,210.67967224121094
2023-10-06,213.55552673339844
2023-10-07,212.36447143554688
2023-10-08,211.51998901367188
2023-10-09,205.75096130371094
2023-10-10,208.57687377929688
2023-10-11,206.53341674804688
2023-10-12,205.2294158935547
2023-10-13,206.03611755371094
2023-10-14,206.60189819335938
2023-10-15,209.7425079345703
2023-10-16,214.82395935058594
2023-10-17,211.6432342529297
2023-10-18,210.50103759765625
2023-10-19,211.1441650390625
2023-10-20,212.30084228515625
2023-10-21,214.3056640625
2023-10-22,217.74737548828125
2023-10-23,228.35276794433594
2023-10-24,225.14295959472656
2023-10-25,222.179931640625
2023-10-26,223.2360382080078
2023-10-27,224.4759063720703
2023-10-28,225.77407836914063
2023-10-29,227.14845275878906
2023-10-30,228.2874298095703
2023-10-31,226.43994140625
2023-11-01,228.00010681152344
2023-11-02,231.7230224609375
2023-11-03,230.60597229003906
2023-11-04,237.45460510253906
2023-11-05,244.32247924804688
2023-11-06,254.63479614257813
2023-11-07,246.39529418945313
2023-11-08,247.123291015625
2023-11-09,251.51084899902344
2023-11-10,251.08236694335938
2023-11-11,251.42161560058594
2023-11-12,247.6400146484375
2023-11-13,241.33506774902344
2023-11-14,242.263671875
2023-11-15,253.75534057617188
2023-11-16,242.75888061523438
2023-11-17,244.745361328125
2023-11-18,244.9507598876953
2023-11-19,246.58778381347656
2023-11-20,253.6350860595703
2023-11-21,226.4864044189453
2023-11-22,236.1365966796875
2023-11-23,233.76580810546875
2023-11-24,232.9009552001953
2023-11-25,234.43994140625
2023-11-26,232.0471954345703
2023-11-27,227.42147827148438
2023-11-28,229.69296264648438
2023-11-29,227.34275817871094
2023-11-30,227.68380737304688
2023-12-01,228.54563903808594
2023-12-02,229.30084228515625
2023-12-03,228.09820556640625
2023-12-04,233.29530334472656
2023-12-05,231.2613525390625
2023-12-06,229.42440795898438
2023-12-07,232.97743225097656
2023-12-08,238.91598510742188
2023-12-09,237.7686004638672
2023-12-10,239.733154296875
2023-12-11,246.42086791992188
2023-12-12,254.49497985839844
2023-12-13,252.42332458496094
2023-12-14,253.5412139892578
2023-12-15,244.8984375
2023-12-16,244.35096740722656
2023-12-17,239.30828857421875
2023-12-18,241.3484344482422
2023-12-19,252.63719177246094
2023-12-20,260.10736083984375
2023-12-21,271.24658203125
2023-12-22,271.3764953613281
2023-12-23,271.3909606933594
2023-12-24,264.71710205078125
2023-12-25,267.0733642578125
2023-12-26,297.6932373046875
2023-12-27,323.6773376464844
2023-12-28,323.5989990234375
2023-12-29,313.8787536621094
2023-12-30,317.16619873046875
2023-12-31,312.4356994628906
2024-01-01,314.4082946777344
2024-01-02,312.10382080078125
2024-01-03,316.6612854003906
2024-01-04,323.6000061035156
2024-01-05,317.4502868652344
2024-01-06,307.79449462890625
2024-01-07,302.8905334472656
2024-01-08,304.5003967285156
2024-01-09,300.9761047363281
2024-01-10,305.0968322753906
2024-01-11,308.7015075683594
2024-01-12,296.6304626464844
2024-01-13,302.227294921875
2024-01-14,299.05133056640625
2024-01-15,317.5672607421875
2024-01-16,315.22625732421875
2024-01-17,309.08538818359375
2024-01-18,313.2928771972656
2024-01-19,314.3004455566406
2024-01-20,316.96038818359375
2024-01-21,318.3186950683594
2024-01-22,305.43701171875
2024-01-23,298.4039001464844
2024-01-24,293.0914306640625
2024-01-25,291.9192810058594
2024-01-26,302.3179931640625
2024-01-27,305.8248291015625
2024-01-28,304.9756164550781
2024-01-29,310.7080078125
2024-01-30,307.4627380371094
2024-01-31,300.35107421875
2024-02-01,300.1759033203125
2024-02-02,301.15496826171875
2024-02-03,299.7367248535156
2024-02-04,304.7341613769531
2024-02-05,300.8540344238281
2024-02-06,302.71014404296875
2024-02-07,307.63458251953125
2024-02-08,318.87188720703125
2024-02-09,323.84228515625
2024-02-10,323.1338806152344
2024-02-11,320.78753662109375
2024-02-12,327.9446105957031
2024-02-13,324.86822509765625
2024-02-14,334.2459716796875
2024-02-15,354.7108154296875
2024-02-16,360.890380859375
2024-02-17,352.9081115722656
2024-02-18,349.6799621582031
2024-02-19,351.8070983886719
2024-02-20,354.8639221191406
2024-02-21,378.5373229980469
2024-02-22,382.009765625
2024-02-23,375.319091796875
2024-02-24,381.7427978515625
2024-02-25,388.5517272949219
2024-02-26,401.6438903808594
2024-02-27,394.9956359863281
2024-02-28,415.7716064453125
2024-02-29,399.7787170410156
2024-03-01,407.8107604980469
2024-03-02,410.9858703613281
2024-03-03,414.3810729980469
2024-03-04,419.0354309082031
2024-03-05,394.6617431640625
2024-03-06,429.011962890625
2024-03-07,475.2906494140625
2024-03-08,488.09417724609375
2024-03-09,489.56182861328125
2024-03-10,529.374755859375
2024-03-11,522.718017578125
2024-03-12,537.86572265625
2024-03-13,630.56134033203125
2024-03-14,602.98870849609375
2024-03-15,632.80279541015625
2024-03-16,576.77520751953125
2024-03-17,571.0855712890625
2024-03-18,554.55712890625
2024-03-19,507.0765686035156
2024-03-20,556.70050048828125
2024-03-21,553.24822998046875
2024-03-22,551.778564453125
2024-03-23,551.8795166015625
2024-03-24,567.99481201171875
2024-03-25,587.4276123046875
2024-03-26,580.1505126953125
2024-03-27,574.5115966796875
2024-03-28,583.2708740234375
2024-03-29,612.657958984375
2024-03-30,601.016357421875
2024-03-31,606.90863037109375
2024-04-01,576.39666748046875
2024-04-02,550.68145751953125
2024-04-03,562.0196533203125
2024-04-04,585.4415283203125
2024-04-05,578.9669189453125
2024-04-06,585.966796875
2024-04-07,584.1021728515625
2024-04-08,586.90093994140625
2024-04-09,580.830322265625
2024-04-10,610.08392333984375
2024-04-11,604.893798828125
2024-04-12,596.380126953125
2024-04-13,554.2998046875
2024-04-14,567.21844482421875
2024-04-15,552.87451171875
2024-04-16,537.829345703125
2024-04-17,534.416015625
2024-04-18,552.172119140625
2024-04-19,554.8892822265625
2024-04-20,570.96051025390625
2024-04-21,579.61993408203125
2024-04-22,605.57550048828125
2024-04-23,606.84063720703125
2024-04-24,608.08612060546875
2024-04-25,614.0050048828125
2024-04-26,597.7054443359375
2024-04-27,595.72052001953125
2024-04-28,600.0711669921875
2024-04-29,592.83123779296875
2024-04-30,578.488037109375
2024-05-01,561.408203125
2024-05-02,560.5267333984375
2024-05-03,587.01043701171875
2024-05-04,585.8465576171875
2024-05-05,592.140380859375
2024-05-06,588.4759521484375
2024-05-07,577.4862060546875
2024-05-08,588.19744873046875
2024-05-09,596.031982421875
2024-05-10,585.6221923828125
2024-05-11,592.02789306640625
2024-05-12,594.424560546875
2024-05-13,591.60693359375
2024-05-14,566.70703125
2024-05-15,582.0743408203125
2024-05-16,569.19024658203125
2024-05-17,581.1783447265625
2024-05-18,580.48114013671875
2024-05-19,574.63165283203125
2024-05-20,600.6163330078125
2024-05-21,618.42047119140625
2024-05-22,614.671875
2024-05-23,598.67083740234375
2024-05-24,600.22589111328125
2024-05-25,602.1944580078125
2024-05-26,599.825927734375
2024-05-27,603.52642822265625
2024-05-28,601.2132568359375
2024-05-29,594.9720458984375
2024-05-30,595.02679443359375
2024-05-31,593.5223388671875
2024-06-01,601.30419921875
2024-06-02,603.026611328125
2024-06-03,626.4329833984375
2024-06-04,686.201416015625
2024-06-05,698.889404296875
2024-06-06,710.46405029296875
2024-06-07,683.3609619140625
2024-06-08,682.6651611328125
2024-06-09,673.3153076171875
2024-06-10,624.3868408203125
2024-06-11,602.55810546875
2024-06-12,619.19482421875
2024-06-13,599.51507568359375
2024-06-14,603.1805419921875
2024-06-15,607.80291748046875
2024-06-16,610.05401611328125
2024-06-17,604.46734619140625
2024-06-18,588.70208740234375
2024-06-19,598.771728515625
2024-06-20,587.107177734375
2024-06-21,585.91192626953125
2024-06-22,590.76336669921875
2024-06-23,577.21087646484375
2024-06-24,567.578125
2024-06-25,578.10345458984375
2024-06-26,572.40179443359375
2024-06-27,580.79827880859375
2024-06-28,566.4644775390625
2024-06-29,569.127685546875
2024-06-30,581.7711181640625
2024-07-01,576.68695068359375
2024-07-02,578.9810791015625
2024-07-03,556.5777587890625
2024-07-04,513.9945068359375
2024-07-05,497.9958190917969
2024-07-06,527.67437744140625
2024-07-07,490.6131286621094
2024-07-08,510.6142578125
2024-07-09,516.568115234375
2024-07-10,524.51654052734375
2024-07-11,525.1380615234375
2024-07-12,533.75732421875
2024-07-13,532.34881591796875
2024-07-14,544.8187255859375
2024-07-15,586.14105224609375
2024-07-16,576.583984375
2024-07-17,568.9127197265625
2024-07-18,571.9515380859375
2024-07-19,593.7021484375
2024-07-20,593.57220458984375
2024-07-21,601.8511962890625
2024-07-22,587.91778564453125
2024-07-23,582.09954833984375
2024-07-24,574.5784912109375
2024-07-25,570.71337890625
2024-07-26,581.07794189453125
2024-07-27,581.58880615234375
2024-07-28,584.099609375
2024-07-29,574.642578125
2024-07-30,587.66510009765625
2024-07-31,576.3681640625
2024-08-01,575.146728515625
2024-08-02,542.9151611328125
2024-08-03,529.4813232421875
2024-08-04,497.0390930175781
2024-08-05,464.6269226074219
2024-08-06,484.3238220214844
2024-08-07,474.2247619628906
2024-08-08,517.3375244140625
2024-08-09,509.1827087402344
2024-08-10,523.317626953125
2024-08-11,503.8045349121094
2024-08-12,518.5361328125
2024-08-13,524.1285400390625
2024-08-14,524.01531982421875
2024-08-15,519.870361328125
2024-08-16,519.9686279296875
2024-08-17,542.2342529296875
2024-08-18,531.6085205078125
2024-08-19,559.81884765625
2024-08-20,569.2669677734375
2024-08-21,570.01971435546875
2024-08-22,583.0518798828125
2024-08-23,591.8060302734375
2024-08-24,580.76220703125
2024-08-25,574.24993896484375
2024-08-26,548.8280029296875
2024-08-27,533.97589111328125
2024-08-28,536.816162109375
2024-08-29,536.62567138671875
2024-08-30,535.3157958984375
2024-08-31,532.89697265625
2024-09-01,512.59521484375
2024-09-02,526.438720703125
2024-09-03,518.6689453125
2024-09-04,507.82049560546875
2024-09-05,502.0693664550781
2024-09-06,486.9027404785156
2024-09-07,493.22613525390625
2024-09-08,503.0001525878906
2024-09-09,518.54534912109375
2024-09-10,517.48382568359375
2024-09-11,530.19403076171875
2024-09-12,544.30377197265625
2024-09-13,557.01806640625
2024-09-14,553.5650634765625
2024-09-15,553.9722900390625
2024-09-16,533.80908203125
2024-09-17,546.0135498046875
2024-09-18,559.0445556640625
2024-09-19,566.2235107421875
2024-09-20,568.5850830078125
2024-09-21,589.0379638671875
2024-09-22,588.0869140625
2024-09-23,604.36602783203125
2024-09-24,606.5230712890625
2024-09-25,587.3525390625
2024-09-26,596.77691650390625
2024-09-27,607.86700439453125
2024-09-28,601.56719970703125
2024-09-29,596.41119384765625
2024-09-30,567.26007080078125
2024-10-01,547.99713134765625
2024-10-02,542.71234130859375
2024-10-03,544.42498779296875
2024-10-04,555.38421630859375
2024-10-05,563.20916748046875
2024-10-06,570.542724609375
2024-10-07,564.14971923828125
2024-10-08,580.40386962890625
2024-10-09,570.27716064453125
2024-10-10,562.72576904296875
2024-10-11,572.85723876953125
2024-10-12,576.44976806640625
2024-10-13,571.82171630859375
2024-10-14,588.90045166015625
2024-10-15,594.189208984375
2024-10-16,600.81781005859375
2024-10-17,592.03961181640625
2024-10-18,599.364990234375
2024-10-19,597.97491455078125
2024-10-20,605.517822265625
2024-10-21,598.81756591796875
2024-10-22,593.36065673828125
2024-10-23,582.473388671875
2024-10-24,594.15478515625
2024-10-25,574.25360107421875
2024-10-26,582.80609130859375
2024-10-27,588.7158203125
2024-10-28,600.5960693359375
2024-10-29,605.66827392578125
2024-10-30,595.72784423828125
2024-10-31,576.03448486328125
2024-11-01,572.76226806640625
2024-11-02,568.03680419921875
2024-11-03,557.6416015625
2024-11-04,552.07110595703125
2024-11-05,563.612060546875
2024-11-06,591.9952392578125
2024-11-07,598.4359130859375
2024-11-08,597.94842529296875
2024-11-09,624.37469482421875
2024-11-10,628.302490234375
2024-11-11,661.88720703125
2024-11-12,627.00384521484375
2024-11-13,621.00030517578125
2024-11-14,621.68011474609375
2024-11-15,618.866455078125
2024-11-16,622.3731689453125
2024-11-17,618.40008544921875
2024-11-18,619.43548583984375
2024-11-19,615.9874267578125
2024-11-20,606.11749267578125
2024-11-21,622.82635498046875
2024-11-22,633.513427734375
2024-11-23,651.197265625
2024-11-24,660.31756591796875
2024-11-25,636.63970947265625
2024-11-26,613.5872802734375
2024-11-27,644.948486328125
2024-11-28,654.36163330078125
2024-11-29,654.80975341796875
2024-11-30,654.32916259765625
2024-12-01,655.9324951171875
2024-12-02,647.594482421875
2024-12-03,737.69659423828125
2024-12-04,739.25274658203125
2024-12-05,714.32196044921875
2024-12-06,732.00628662109375
2024-12-07,750.27264404296875
2024-12-08,743.295654296875
2024-12-09,689.92437744140625
2024-12-10,676.98291015625
2024-12-11,711.8114013671875
2024-12-12,705.9442138671875
2024-12-13,726.25482177734375
2024-12-14,715.6956787109375
2024-12-15,719.13427734375
2024-12-16,720.32635498046875
2024-12-17,716.6824951171875
2024-12-18,687.623779296875
2024-12-19,666.5693359375
2024-12-20,678.08660888671875
2024-12-21,663.27947998046875
2024-12-22,648.7047119140625
2024-12-23,693.000732421875
2024-12-24,696.74114990234375
2024-12-25,702.32696533203125
2024-12-26,688.360107421875
2024-12-27,690.42938232421875
2024-12-28,720.95904541015625
2024-12-29,693.7545166015625
2024-12-30,704.14630126953125
2024-12-31,700.98687744140625
2025-01-01,706.512939453125
2025-01-02,705.6785888671875
2025-01-03,713.6435546875
2025-01-04,713.8411865234375
2025-01-05,709.25830078125
2025-01-06,729.40008544921875
2025-01-07,697.368896484375
2025-01-08,695.837158203125
2025-01-09,685.1207275390625
2025-01-10,693.62445068359375
2025-01-11,696.6578369140625
2025-01-12,693.04827880859375
2025-01-13,688.26751708984375
2025-01-14,698.61968994140625
2025-01-15,714.0284423828125
2025-01-16,708.29803466796875
2025-01-17,721.75048828125
2025-01-18,709.42498779296875
2025-01-19,682.2039794921875
2025-01-20,681.8033447265625
2025-01-21,691.81658935546875
2025-01-22,694.98321533203125
2025-01-23,690.2037353515625
2025-01-24,680.21319580078125
2025-01-25,686.26849365234375
2025-01-26,666.7637939453125
2025-01-27,679.7933349609375
2025-01-28,661.424560546875
2025-01-29,667.68572998046875
2025-01-30,677.5535888671875
2025-01-31,677.3753662109375
2025-02-01,653.43292236328125
2025-02-02,617.60064697265625
2025-02-03,617.12078857421875
2025-02-04,573.32781982421875
2025-02-05,569.74688720703125
2025-02-06,572.2740478515625
2025-02-07,578.06683349609375
2025-02-08,613.32421875
2025-02-09,616.64208984375
2025-02-10,618.31451416015625
2025-02-11,642.5872802734375
2025-02-12,698.037353515625
2025-02-13,668.27752685546875
2025-02-14,658.04364013671875
2025-02-15,662.32769775390625
2025-02-16,674.100830078125
2025-02-17,667.22906494140625
2025-02-18,647.443359375
2025-02-19,653.51470947265625
2025-02-20,657.20098876953125
2025-02-21,646.8995361328125
2025-02-22,668.57476806640625
2025-02-23,657.9036865234375
2025-02-24,613.9630126953125
2025-02-25,622.9407958984375
2025-02-26,610.69305419921875
2025-02-27,605.1236572265625
2025-02-28,587.45159912109375
2025-03-01,607.51153564453125
2025-03-02,622.93609619140625
2025-03-03,575.16998291015625
2025-03-04,583.58685302734375
2025-03-05,597.975830078125
2025-03-06,596.7237548828125
2025-03-07,593.96337890625
2025-03-08,593.08087158203125
2025-03-09,554.5804443359375
2025-03-10,532.12188720703125
2025-03-11,551.47454833984375
2025-03-12,569.89483642578125
2025-03-13,579.21881103515625
2025-03-14,587.13629150390625
2025-03-15,619.486083984375
2025-03-16,602.21661376953125
2025-03-17,631.36260986328125
2025-03-18,628.13446044921875
2025-03-19,619.25750732421875
2025-03-20,629.94244384765625
2025-03-21,634.6077880859375
2025-03-22,626.57440185546875
2025-03-23,623.3494873046875
2025-03-24,636.64453125
2025-03-25,629.94287109375
2025-03-26,617.8167724609375
2025-03-27,637.20697021484375
2025-03-28,619.47491455078125
2025-03-29,603.23785400390625
2025-03-30,601.8302001953125
2025-03-31,605.07281494140625
2025-04-01,611.297119140625
2025-04-02,590.6375732421875
2025-04-03,592.12445068359375
2025-04-04,597.57940673828125
2025-04-05,593.1148681640625
2025-04-06,554.59490966796875
2025-04-07,554.4833984375
2025-04-08,553.4674072265625
2025-04-09,582.36932373046875
2025-04-10,577.40594482421875
2025-04-11,586.0889892578125
2025-04-12,597.123046875
2025-04-13,584.04248046875
2025-04-14,584.335205078125
2025-04-15,579.68603515625
2025-04-16,582.80621337890625
2025-04-17,590.16217041015625
2025-04-18,591.76385498046875
2025-04-19,591.77679443359375
2025-04-20,592.972412109375
2025-04-21,597.4141845703125
2025-04-22,618.82696533203125
2025-04-23,605.81500244140625
2025-04-24,601.7158203125
2025-04-25,600.1810302734375
2025-04-26,607.7041015625
2025-04-27,603.61846923828125
2025-04-28,606.364990234375
2025-04-29,601.02899169921875
2025-04-30,599.68170166015625
2025-05-01,599.918212890625
2025-05-02,601.1641845703125
2025-05-03,599.33135986328125
2025-05-04,585.99505615234375
2025-05-05,597.68975830078125
2025-05-06,602.473876953125
2025-05-07,603.2796630859375
2025-05-08,628.6634521484375
2025-05-09,666.87847900390625
2025-05-10,663.61724853515625
2025-05-11,650.62542724609375
2025-05-12,660.48431396484375
2025-05-13,665.570556640625
2025-05-14,652.571044921875
2025-05-15,651.26422119140625
2025-05-16,646.32135009765625
2025-05-17,639.618896484375
2025-05-18,652.164306640625
2025-05-19,649.8529052734375
2025-05-20,650.330810546875
2025-05-21,673.14862060546875
2025-05-22,686.23565673828125
2025-05-23,656.231689453125
2025-05-24,668.3065185546875
2025-05-25,669.9168701171875
2025-05-26,674.39263916015625
2025-05-27,687.15948486328125
2025-05-28,687.405517578125
2025-05-29,675.17218017578125
2025-05-30,655.482177734375
2025-05-31,658.50128173828125
2025-06-01,660.99176025390625
2025-06-02,666.59075927734375
2025-06-03,661.69891357421875
2025-06-04,663.706298828125
2025-06-05,634.0535888671875
2025-06-06,643.4342041015625
2025-06-07,651.15045166015625
2025-06-08,652.1478271484375
2025-06-09,665.95404052734375
2025-06-10,673.6104736328125
2025-06-11,667.6690673828125
2025-06-12,656.24383544921875
2025-06-13,655.2557373046875
2025-06-14,645.91278076171875
2025-06-15,648.28076171875
2025-06-16,650.96173095703125
2025-06-17,648.51080322265625
2025-06-18,644.8067626953125
2025-06-19,644.68072509765625
2025-06-20,641.784423828125
2025-06-21,628.74786376953125
2025-06-22,615.99462890625
2025-06-23,641.29620361328125
2025-06-24,643.7371826171875
2025-06-25,645.92315673828125
2025-06-26,642.41424560546875
2025-06-27,646.15362548828125
2025-06-28,648.75042724609375
2025-06-29,655.03619384765625
2025-06-30,657.02532958984375
2025-07-01,646.39794921875
2025-07-02,660.0572509765625
2025-07-03,663.3231201171875
2025-07-04,653.739501953125
2025-07-05,656.14288330078125
2025-07-06,663.0889892578125
2025-07-07,661.0181884765625
2025-07-08,660.76287841796875
2025-07-09,669.15252685546875
2025-07-10,685.66070556640625
2025-07-11,689.87335205078125
2025-07-12,685.77789306640625
2025-07-13,692.23040771484375
2025-07-14,689.416748046875
2025-07-15,689.921142578125
2025-07-16,708.1260986328125
2025-07-17,721.21197509765625
2025-07-18,730.21636962890625
2025-07-19,733.529052734375
2025-07-20,757.73992919921875
2025-07-21,766.783935546875
2025-07-22,786.14117431640625
2025-07-23,776.64044189453125
2025-07-24,771.239990234375
2025-07-25,785.6064453125
2025-07-26,793.2825927734375
2025-07-27,843.261962890625
2025-07-28,822.0185546875
2025-07-29,804.89892578125
2025-07-30,793.14483642578125
2025-07-31,783.66680908203125
2025-08-01,757.18658447265625
2025-08-02,736.64642333984375
2025-08-03,751.56097412109375
2025-08-04,769.05908203125
2025-08-05,754.85101318359375
2025-08-06,769.84783935546875
2025-08-07,788.19635009765625
2025-08-08,793.4395751953125
2025-08-09,799.08673095703125
2025-08-10,805.87347412109375
2025-08-11,806.730224609375
2025-08-12,832.92657470703125
2025-08-13,849.0054931640625
2025-08-14,840.93096923828125
2025-08-15,827.2891845703125
2025-08-16,839.3980712890625
2025-08-17,856.4029541015625
2025-08-18,847.41790771484375
2025-08-19,823.56591796875
2025-08-20,869.1038818359375
2025-08-21,839.04083251953125
2025-08-22,898.7745361328125
2025-08-23,880.046142578125
2025-08-24,876.0802001953125
2025-08-25,840.17193603515625
2025-08-26,863.6304931640625
2025-08-27,855.64630126953125
2025-08-28,874.36602783203125
2025-08-29,863.27655029296875
2025-08-30,862.40399169921875
2025-08-31,857.8167724609375
2025-09-01,845.8262939453125
2025-09-02,851.7772216796875
2025-09-03,855.2587890625
2025-09-04,843.802978515625
2025-09-05,849.979248046875
2025-09-06,861.7720947265625
2025-09-07,880.613037109375
2025-09-08,878.27593994140625
2025-09-09,880.0150146484375
2025-09-10,893.56658935546875
2025-09-11,902.98333740234375
2025-09-12,925.03070068359375
2025-09-13,933.899658203125
2025-09-14,927.24169921875
2025-09-15,919.97021484375
2025-09-16,955.71258544921875
2025-09-17,990.30975341796875
2025-09-18,981.835205078125
2025-09-19,984.12408447265625
2025-09-20,1042.650146484375
2025-09-21,1048.67236328125
2025-09-22,993.0140380859375
2025-09-23,1017.0198974609375
2025-09-24,1018.8478393554688
2025-09-25,945.713623046875
2025-09-26,960.9239501953125
2025-09-27,968.78955078125
2025-09-28,993.3155517578125
2025-09-29,1030.7412109375
2025-09-30,1008.4834594726563
2025-10-01,1026.166748046875
2025-10-02,1090.6556396484375
2025-10-03,1189.9190673828125
2025-10-04,1150.547607421875
2025-10-05,1165.527587890625
2025-10-06,1223.5810546875
2025-10-07,1310.21435546875
2025-10-08,1306.599365234375
2025-10-09,1255.890625
2025-10-10,1106.8985595703125
2025-10-11,1137.1993408203125
2025-10-12,1303.1173095703125
2025-10-13,1293.4732666015625
2025-10-14,1211.0511474609375
2025-10-15,1162.6917724609375
2025-10-16,1145.8253173828125
2025-10-17,1071.9630126953125
2025-10-18,1093.1524658203125
2025-10-19,1109.6800537109375
2025-10-20,1101.0616455078125
2025-10-21,1057.4404296875
2025-10-22,1072.0479736328125
2025-10-23,1127.572998046875
2025-10-24,1109.148681640625
2025-10-25,1116.7412109375
2025-10-26,1137.5869140625
2025-10-27,1139.7459716796875
2025-10-28,1103.144775390625
2025-10-29,1107.163330078125
2025-10-30,1078.6114501953125
2025-10-31,1088.9554443359375
2025-11-01,1094.642333984375
2025-11-02,1084.35986328125
2025-11-03,992.535400390625
2025-11-04,937.89324951171875
2025-11-05,959.9510498046875
2025-11-06,949.18048095703125
2025-11-07,990.5523681640625
2025-11-08,990.22271728515625
2025-11-09,996.579833984375
2025-11-10,991.919677734375
2025-11-11,958.2657470703125
2025-11-12,953.010498046875
2025-11-13,928.046630859375
2025-11-14,915.30926513671875
2025-11-15,932.201904296875
2025-11-16,927.25787353515625
2025-11-17,906.482421875
2025-11-18,932.48236083984375
2025-11-19,895.61968994140625
2025-11-20,866.3438720703125
2025-11-21,830.0787353515625
2025-11-22,833.35107421875
2025-11-23,843.22479248046875
2025-11-24,864.421142578125
2025-11-25,862.1080322265625
2025-11-26,891.75335693359375
2025-11-27,895.559814453125
2025-11-28,887.64678955078125
2025-11-29,873.68988037109375
2025-11-30,877.5767822265625
2025-12-01,827.4053955078125
2025-12-02,877.03466796875
2025-12-03,921.75372314453125
2025-12-04,900.06610107421875
2025-12-05,884.21807861328125
2025-12-06,890.5450439453125
2025-12-07,894.02227783203125
2025-12-08,897.60406494140625
2025-12-09,898.8104248046875
2025-12-10,894.650634765625
2025-12-11,886.1666259765625
2025-12-12,881.86761474609375
2025-12-13,897.4295654296875
2025-12-14,877.806884765625
2025-12-15,858.54510498046875
2025-12-16,874.8990478515625
2025-12-17,842.93017578125
2025-12-18,829.3011474609375
2025-12-19,855.94329833984375
2025-12-20,853.586181640625
2025-12-21,857.88922119140625
2025-12-22,857.857421875
2025-12-23,843.77142333984375
2025-12-24,846.2596435546875
2025-12-25,829.4244384765625
2025-12-26,834.15155029296875
2025-12-27,844.55450439453125
2025-12-28,858.82879638671875
2025-12-29,851.18756103515625
2025-12-30,860.5537109375
2025-12-31,863.25738525390625
2026-01-01,863.05462646484375
2026-01-02,880.84417724609375
2026-01-03,878.63946533203125
2026-01-04,894.3836669921875
2026-01-05,910.78839111328125
2026-01-06,917.50726318359375
2026-01-07,899.414306640625
2026-01-08,891.75372314453125
2026-01-09,895.46923828125
2026-01-10,906.11248779296875
2026-01-11,902.75079345703125
2026-01-12,905.41766357421875
2026-01-13,942.4600830078125
2026-01-14,949.10888671875
2026-01-15,930.87835693359375
2026-01-16,937.5318603515625
2026-01-17,947.0445556640625
2026-01-18,932.59136962890625
2026-01-19,922.49505615234375
2026-01-20,884.67547607421875
2026-01-21,882.55828857421875
2026-01-22,886.97235107421875
2026-01-23,890.76641845703125
2026-01-24,886.17962646484375
2026-01-25,864.72674560546875
2026-01-26,878.7445068359375
2026-01-27,897.66552734375
2026-01-28,901.348876953125
2026-01-29,867.09814453125
2026-01-30,857.25872802734375
2026-01-31,780.48455810546875
2026-02-01,758.4573974609375
2026-02-02,774.57928466796875
2026-02-03,753.57818603515625
2026-02-04,697.86175537109375
2026-02-05,606.5428466796875
2026-02-06,657.4215087890625
2026-02-07,647.35028076171875
2026-02-08,640.253662109375
2026-02-09,635.9544677734375
2026-02-10,619.5703125
2026-02-11,607.1871337890625
2026-02-12,613.7109375
2026-02-13,619.0838623046875
2026-02-14,633.34521484375
2026-02-15,614.63800048828125
2026-02-16,626.5706787109375
2026-02-17,617.56207275390625
2026-02-18,604.5238037109375
2026-02-19,607.15985107421875
2026-02-20,625.66351318359375
2026-02-21,625.8980712890625
2026-02-22,614.40667724609375
2026-02-23,595.8651123046875
2026-02-24,584.10980224609375
2026-02-25,629.0726318359375
2026-02-26,625.9132080078125
2026-02-27,613.96954345703125
2026-02-28,617.24639892578125
2026-03-01,618.107177734375
2026-03-02,637.23956298828125
2026-03-03,633.8309326171875
2026-03-04,657.8167724609375
2026-03-05,647.6258544921875
2026-03-06,627.2734375
2026-03-07,620.0662841796875
2026-03-08,612.03887939453125
2026-03-09,634.5003662109375
2026-03-10,641.87921142578125
2026-03-11,651.47833251953125
2026-03-12,652.135009765625
2026-03-13,655.8819580078125
2026-03-14,657.83160400390625
2026-03-15,673.701171875
2026-03-16,679.35479736328125
2026-03-17,668.78094482421875
2026-03-18,652.05908203125
2026-03-19,639.26617431640625
2026-03-20,642.183349609375
2026-03-21,630.1337890625
2026-03-22,626.601318359375
2026-03-23,638.53680419921875
2026-03-24,638.2528076171875
2026-03-25,647.328125
2026-03-26,628.99468994140625
2026-03-27,613.29241943359375
2026-03-28,610.70123291015625
2026-03-29,605.67620849609375
2026-03-30,608.55352783203125
2026-03-31,617.0491943359375
2026-04-01,610.62298583984375
2026-04-02,583.1368408203125
2026-04-03,588.10003662109375
2026-04-04,593.28369140625
2026-04-05,601.53558349609375
2026-04-06,600.3857421875
2026-04-07,620.898681640625
2026-04-08,601.1722412109375
2026-04-09,602.8275146484375
2026-04-10,605.99151611328125
2026-04-11,607.39141845703125
2026-04-12,592.21405029296875
2026-04-13,615.05126953125
2026-04-14,614.0372314453125
2026-04-15,622.66534423828125
2026-04-16,635.5833740234375
2026-04-17,643.45013427734375
2026-04-18,630.32244873046875
2026-04-19,616.52447509765625
2026-04-20,629.25518798828125
2026-04-21,631.79217529296875
2026-04-22,637.9317626953125
2026-04-23,638.72625732421875
2026-04-24,636.4029541015625
2026-04-25,628.65728759765625
2026-04-26,636.1114501953125
2026-04-27,626.9642333984375
2026-04-28,624.31103515625
2026-04-29,617.32977294921875
2026-04-30,615.06671142578125
2026-05-01,615.3310546875
2026-05-02,617.82763671875
2026-05-03,617.48236083984375
2026-05-04,622.6590576171875
2026-05-05,630.3912353515625
2026-05-06,647.57373046875
2026-05-07,637.02197265625
2026-05-08,649.00933837890625
2026-05-09,649.73736572265625
2026-05-10,663.6634521484375
2026-05-11,669.9736328125
2026-05-12,664.5411376953125
2026-05-13,671.3828125
2026-05-14,677.93975830078125
2026-05-15,672.111328125
2026-05-16,656.216064453125
2026-05-17,648.79412841796875
2026-05-18,643.05621337890625
2026-05-19,639.45001220703125
2026-05-20,648.81927490234375
2026-05-21,657.349853515625
2026-05-22,649.46893310546875
2026-05-23,655.70965576171875
2026-05-24,656.0982666015625
2026-05-25,662.3038330078125
2026-05-26,655.59637451171875
2026-05-27,648.15924072265625
2026-05-28,637.4937744140625
2026-05-29,642.28729248046875
2026-05-30,717.93377685546875
2026-05-31,708.584228515625
2026-06-01,692.13079833984375
2026-06-02,650.42999267578125
2026-06-03,620.09942626953125
2026-06-04,603.53472900390625
2026-06-05,572.10687255859375
2026-06-06,574.51080322265625
2026-06-07,603.62896728515625
2026-06-08,601.62774658203125
2026-06-09,592.85064697265625
2026-06-10,586.173828125
2026-06-11,605.04156494140625
2026-06-12,603.506591796875
2026-06-13,609.54376220703125
2026-06-14,616.0859375
2026-06-15,617.421875
2026-06-16,604.34613037109375
2026-06-17,600.95867919921875
2026-06-18,578.01470947265625
2026-06-19,581.16375732421875
2026-06-20,587.6138916015625
2026-06-21,583.75164794921875
2026-06-22,589.918701171875
2026-06-23,577.59967041015625
2026-06-24,563.77081298828125
2026-06-25,559.7989501953125
2026-06-26,554.239990234375
